{
    "f1": 0.9922480620155039,
    "precision": 1.0,
    "accuracy": 0.9992175273865415,
    "recall": 0.9846153846153847
}