{
    "f1": 0.9936305732484078,
    "precision": 1.0,
    "accuracy": 0.9993476842791911,
    "recall": 0.9873417721518988
}